Accel_X (m/s^2),Accel_Y (m/s^2),Accel_Z (m/s^2),Strain (με),Temp (°C)
-0.537651558767177,0.36855787829375,-0.8103398123456339,-1.190559082208635,1.5742472409881056
,-0.16409800653698756,-1.6266985936674483,-0.7842149829976526,1.354232394053629
-0.12275634283387953,0.3591960653659767,-0.4394626886114513,0.13591944766879552,1.3851113218879465
-0.2545875634962229,1.4923442239861533,0.6075642524246341,1.0287778879089666,0.7336663444278245
-0.9184896898715488,0.5766106834756222,2.0395365289195193,-1.0526501909482053,0.637433306708932
-1.5541354546357613,2.096125887122209,-1.3442992758002885,,0.7531211914067752
0.3713685176825308,0.3346553253738358,0.027903096060834843,-0.32152133360727947,0.39230265492396027
0.3877223425884127,-1.2968043572579213,0.09557602715079865,2.2172873072847215,-1.6286687819490175
-0.5782005765679401,-0.22293686417474162,1.5519527442238792,1.9950287686771238,2.0491861672580005
1.2089747354593947,0.11817313070562512,-0.20438091329616653,1.3151029512777794,0.25490886912092164
0.5637528816846663,-0.43670506630672773,0.18649588746202345,-0.6895159343784505,-0.25328224826066703
,0.34992268425044065,0.24326725796906434,0.5347683301528549,0.5497639859544285
0.5240345596716584,-0.1353185487529575,0.3221664189233307,0.4108936158056806,-0.5326946403627264
-0.8945057892260445,1.4394099707432642,-0.37452600371693584,-0.013136849223546779,0.17708218809806692
0.831097190286448,-0.5407494397272501,-0.40304747557007653,0.7324497614239518,0.20476355312238118
0.3843333925178586,0.5389930425895468,-1.2732688671092498,0.9629120954375144,0.8593367397807178
0.0358161463175762,-0.3514233552532636,0.20801823863503058,-0.09096656434492878,0.21566878176505444
0.21885176506841547,0.9850100828879573,-1.3618520357719976,-0.040065726505598365,1.9940937174209967
-0.5135322403770087,0.536326313684297,-0.24919266168943702,-0.4809307060413886,0.9530869443985941
0.43480729070230534,0.4069833675697035,2.659555917566964,-1.2993756103746121,-0.7585004222533327
-1.7999871726526895,0.4317231648165958,,-1.3121021335282885,-0.3554279285745953
-0.018211761215729268,0.11785828203121364,1.3432891986728144,0.4773341884511025,-0.4821719888807888
0.1505759224454642,-0.05667570029740011,-2.181570503884179,-0.007208231545384548,-1.2218897690205093
-0.6171641277743986,-0.7183109860076118,-1.44248941957921,-0.28624781520193193,-0.033470319270044735
0.6895430559658434,1.0240940182934473,-0.5447414296608583,1.2697995006325946,
1.9326126984770937,0.9093612877878032,-2.291269354317007,-0.20310934114360227,0.9603896278145884
-0.2287495176472264,-0.6318753154633169,-0.5131908253249274,-0.06745075469284603,-0.6007011733909401
0.20820081338827146,-0.8139643283309871,-0.16894383312834046,,-0.8558351465540374
1.6316366066850554,-0.317505529690813,1.2882096040294417,0.34307481730726247,-0.8467898325398984
-2.050737869627513,0.7938215110733662,-0.46944612936674873,-0.5868808220862547,-0.32093495465375466
1.1879397935895926,0.4571265541807637,0.08438495279790054,0.2503198511682697,0.04883726571035203
-0.5098686899803024,-1.8502550306030208,1.2180277280355192,-0.054132349224789635,0.21729670542442303
-0.3204095088282744,0.15600981993063984,-0.1766200266120763,-0.6110206745940312,-0.7861245011400892
1.251319886605145,1.8518134820942436,0.013603146300098257,0.5295914774277359,-0.49695112729368623
-1.4752503773663448,-0.14691417855476332,-0.6727926554094679,-0.6414008747826827,0.26794006886434857
-0.7598232757596441,-0.9740240282291239,-0.34642349699432967,-0.28890262923380855,1.4310027616192795
-0.081898609986692,1.031255910320383,-1.681210228923714,-0.6572636600411196,0.9494449618294665
0.29386754626902284,-0.7196760489647837,0.2577137525722198,-1.2093644824206677,-0.7703310971773016
1.2156669830680715,0.6615111238871205,-0.28753895107002525,1.6099490230312952,0.473920947319216
3.102425720912316,1.7003152285416496,-0.011473476201445308,-0.09881896619090451,-1.129956248312066
-1.8526258981792696,1.327897013864632,0.14737118808206245,0.42151349539159644,0.36826802972924155
-1.758296245753116,-0.6701411237159205,2.461812647516388,1.5927504067651812,0.3454941601459743
0.637301718644595,0.7513228869015001,1.3560687603881445,1.3788169619826585,-0.5012480918604335
-0.6071714960077957,-0.5964010310959456,-0.24980472169589055,0.21699293132917927,-0.005615066304679862
-0.8060435309151357,-0.8225471442884026,1.0440566785421015,-0.3165466307080256,0.5575894961899353
-0.19685357197901243,0.07145195100506606,-1.7691636767912897,,2.0445107208615854
0.1210693047153799,2.2071657826316047,-0.3344691431454814,-0.3372281498271302,-0.49033665492755146
0.5162348418079193,-0.08294262332473282,0.4231819464405284,2.175991036833892,1.8383115760750757
0.2623205780874921,1.5889785044712468,0.7338188612430638,-0.28138027345503813,-1.1826189934658577
-0.9643778877978348,0.16331923477664134,-0.5706913453615186,-1.118406383183101,-0.05302076441978985
2.1921936134891515,0.8633764547296554,0.07465885984168878,-0.7470888011696345,-0.8945527845053809
-0.2185811145712342,0.17951523340270867,-0.07919897543619221,0.5436404931568812,1.1141107565625754
0.5367300029625998,1.1548088057069579,-0.2957971371046075,1.6453506190843372,1.7131440561857125
1.28640519757981,1.3436132371240308,-0.9376214478659475,0.4177836781151246,
-1.8059747289518104,-0.3247558016670689,-0.5260532086308115,0.7743847208217616,0.4912211511423002
-1.374221176396775,1.5233314863742682,2.8010464615745736,-0.10185495437143113,0.9238264280394548
-0.2659004651810757,-1.297165168202412,0.7459623314954817,0.9097761085236693,1.8040670744585925
0.8757568314981171,,-0.6308392280874325,0.9049997834407769,-1.035053017094779
1.7453137846285824,-1.2601740426306602,-0.3758617225712043,-1.1459863573814577,-2.3782477742002346
-1.7625567419937584,1.2879414522382093,0.17410279664631123,0.4954676946543272,-0.18745717571084325
-0.9704734943409956,-0.43831015046821226,0.928465489877617,-0.8193172138975602,1.144143217777098
-0.927319964568749,0.9546836616453972,-0.6387577423700224,-1.5513143569726253,-0.23367792812627938
-0.793147055514339,0.13633277175805122,-0.2082395663521444,0.310706764303813,-0.5906350628408387
-0.4919866688695652,0.5301013543466657,0.8933028194332988,-1.345872421216819,-1.1598957223463955
0.105999104361059,3.0995057654581792,-0.2517759913321415,-0.5805849146355615,1.025774709848902
-0.11376278151004851,0.0527901621697414,-0.5787058723651869,-0.7011868812034074,-0.41388278758006275
-0.045191594200061545,-0.4389414984085384,1.7411104067858387,-0.13673546212570561,1.4630885746162088
0.3709104978833047,-0.24749714660003916,-1.9227576792064922,-0.9882135325178122,-0.2325236578101058
0.05949740480847407,-1.1113092274371086,1.6629562766147425,-0.16145792798915645,0.22017373132303977
0.362356146750863,-0.23949746399851807,-0.4019770880913774,-0.26244716908589016,-0.9801377514477553
0.2725250455344397,-1.266550847892942,-0.4692663896781795,-0.00488362476412816,0.24455001358825398
-0.06976664249667525,-0.6918691340094747,-0.3455785183333067,-0.09925273126584631,-0.21713284660739116
-1.5125956646780347,-0.013901045679488763,-0.9852577056084959,-1.0777561759029548,0.08943010261486638
1.1558122889850424,-0.10066663906414854,0.2953996904090237,1.162558016178704,1.3811753165104708
-0.058378705814525866,-1.213900328233237,0.48021840358224405,0.43795606567401024,-1.1900479111602515
0.5181865266181572,-0.49596293619430426,-0.20526200776417822,0.9294143721522585,-1.0946093629806566
0.21936543404055925,0.057380601543405664,-1.5618724248781826,-0.6185210575740135,0.25318531563243746
1.8908057296380094,1.46231394793597,0.07676427803734583,1.1240089396449104,-0.15846522728001794
0.13826179180882042,-0.2016884728568318,0.18795807277346147,-0.34139232282753085,-1.4959958977911956
-0.8197113018339218,0.6387661419798604,2.994059808480533,,0.6612996182918144
1.796451491634071,-0.3873370077084899,-1.4818848814080066,-0.7393080712734443,1.6357541411278531
-1.489668122957283,0.6201070722669169,1.5919870987232645,-0.18399376605071105,-0.27228304203081544
0.12561065374834895,0.37687609189502,-0.054383932410143346,1.1931956829291626,0.5186264581490839
-1.375354248419888,-1.2515474798331205,0.33063674488611117,0.007106331949378742,-1.042206324292651
-0.12421189979309043,-0.28838871248361325,1.2433777793520913,0.18490667386743076,-1.1919905361156793
-0.4919818815236937,-0.7097223642683892,-1.1623080185450534,0.9280200684557919,0.17035009622756286
1.0967134871346624,-1.1622031719675734,1.259697592762002,-1.233891119162699,0.0637620520042512
-0.20936967999897374,-1.0954653527579221,-0.24489270090029014,0.47889609654737236,0.323928258098225
-0.4608304947854103,-2.934302147794024,-0.1507186308969646,-0.6457002526561302,0.2558152851062753
1.4317073833631417,1.8531326212872246,0.17655618494104874,-0.3357990385873318,0.480399319729085
-1.1830143325220988,0.8975532996763685,1.5816647391005074,0.3091087063989933,0.5601103834953856
0.7435326204774713,1.4774518433414165,0.38732579656159716,-1.315113648080082,-0.3655360478466822
0.02645125708850651,-0.5959615747426326,0.28903137497554104,-0.49131275182205064,-0.8856127038466487
0.7333723024466382,-0.9481006050568987,1.8955615955386416,-0.17171595028836578,0.8411144809266456
-0.2859042565549676,-1.0038248103074479,-1.7503663552338204,-0.2895614727926754,0.012388687694747852
1.6698767407884585,0.4794199082057285,1.0563530567022292,0.2090612381167674,1.331078890080657
-0.534267869836916,0.13277829808526886,0.5096909262497737,-0.10331874318589233,0.025362522498955258
1.0514976145196369,-0.7707127615032652,1.501403755463248,1.1399794910326966,0.5932506713086255
-0.504002040463122,0.28608981384690263,0.8225904522680928,-0.009101205865158652,0.05170595734708746
-0.2338689491842711,-1.1437981654931664,1.2500654065738672,0.33163139290472,-0.6246191164222151
-0.6363260137046362,-0.600078151049094,0.9250551962879602,-0.9801694409412426,-0.318697477074816
-0.0037992873567079225,-0.7117751654120589,1.0261365252422545,-0.7972304028464146,0.17810342604676538
-0.08230560466106146,-0.11495061367777859,-1.6720290679352015,-1.3056317278116525,0.4088905294254632
-0.39825230517779175,-0.2683452461841822,0.584702728630052,1.5871054552226114,0.860090025397422
1.3877503384756649,-0.618709753193374,0.9757249597295952,-0.8510742995354005,-1.353260630695667
-0.9164685918940948,0.6702562252886171,0.623210932673959,-0.47942070062609754,-0.13146944170506147
-0.16947724613792015,-1.3936492637274227,-0.30100910518067314,2.007780899077023,1.652222701592086
-1.0468715793279746,-0.4330901051724853,-0.21756701978889162,-1.0539098782012286,0.8865637922249308
-0.515412095008643,-0.10047972765924641,-0.2568115215780853,-1.2703485555470602,1.1661557424824875
-0.8970319536713077,-0.7071825152039775,0.010529599909579166,-2.4410936495860565,0.06534543641063369
-0.4853492698429732,-0.2896984462712536,-0.4101703806317741,-0.5090890972454468,-0.5725273215970061
-2.126461935091428,-0.43288506318043635,0.5822712290283475,0.19488141268065853,-1.6282081318258848
-1.4266861086784581,0.24734677265413804,1.0046471001416426,-0.14908762507210116,0.5595251650002826
1.854080198244251,-1.6568905020488214,0.9219331369502084,2.135721229380421,2.3874316647948595
,-0.740103390189168,-0.8454874917001539,-1.0111162907967646,0.18392345778681665
-0.6786809369161191,-0.8727032079601584,-0.007312214607663035,-0.3276938359053522,0.33558623375216184
3.4530066126147023,1.4912016504161965,-1.2909974183628015,2.035650099489427,1.295532348611832
-1.0314404161353212,1.3403691791614873,-0.7422339380787181,-1.3870680021203574,0.8390656787166548
-0.16596304097300713,-0.08837456011503034,-0.3374774537090557,-0.19165268751318779,0.02417420350629273
-1.538926911540268,1.5650489411164017,-1.0383606776204835,-0.45865675194045974,0.7917690687410096
-1.0049009558887938,-0.20384658167785596,1.1359459908158775,0.3331876205777212,0.8542953644940463
0.49939604411043526,-0.6101302724462505,1.8727828778485804,1.6148316625493304,0.8934242410960115
0.035894338006020765,-0.7969304817391216,-0.511947394038965,-0.5721972991698848,1.2723975583057068
1.5329990656604493,0.13954634215507264,-2.6214950069557266,2.4103396872973715,0.45906974574417475
,0.33176503970387416,0.135345993743669,-0.85206516830887,-0.3391273629122775
-0.3914528777648809,0.6961723948318727,-0.6017636099838538,0.3458531602214789,-1.1605867750436347
0.5828368572408893,0.5415417742178131,0.8543925980074767,1.2148959691356462,-0.41577291027390206
-0.5637729315228225,1.1595778315840815,-1.1185386365825372,-0.006402938807878709,-2.0132396914425112
0.2415424351565709,-0.8248929065154015,0.2441757136683642,-1.1289762639495078,0.6740746210539408
-0.30019379111831684,0.8975416191540874,-1.696904514777674,-0.2441335049710395,0.5374170088273892
-0.964341264337866,-0.09907333746394202,-1.1437267759412368,,0.45768901440567983
-0.3089243238443314,0.3392430468594588,0.47460604373143134,-0.09722635330096016,-1.1547068460763725
1.9866260200285277,-0.0665501899792207,-0.6345551418897479,1.7146005461739386,1.145787256338007
-0.06941732899689027,-0.3747190532110723,0.4605794788857802,1.0191188392440222,0.3393397269168045
-1.1864956662081847,0.45688558713357563,0.6526865843321616,0.33577348135887086,-1.231651187607662
-0.5078498734623369,-0.7856611138665163,0.5485023357156148,0.7805697142135457,-0.6004841366676189
0.12304444160647274,2.0990275067894686,-0.2624442210911525,1.1358914207653084,-1.7983356789770206
-0.0019086165274169258,,-0.9141843698710408,0.739821039771406,-0.05539268383585734
0.03172232894476912,0.862456884461402,-0.19455129380168534,0.9091075611423453,-0.7864156661970164
0.12869232485817453,-1.6461155499606352,1.3880340374260367,-0.6442556534513301,-0.5963381483123525
-0.8276871887961944,-0.21192314344350446,-0.9467946367247541,0.8146812018063176,0.1463078429741644
0.98516862607332,-1.058164306616724,-1.9748433539743666,-0.19315674849676803,-0.2951865615133061
0.2525538148290263,-0.8259511695045477,1.35503472295208,-2.179719855630145,0.8155331318042466
0.8975682780668499,-1.0424752654203941,-1.0336765091769973,0.625083270647489,-0.9703540043530806
0.08205665543964687,-1.9532057780787326,0.5955197899422483,-0.004701165476711145,-0.2814770700390491
-1.4968782415457969,-1.6464940793576848,-0.43480900870221456,0.5109196368447324,-0.5091916802285456
-1.059353593859225,0.8997390876025222,1.2574436643740627,-0.45608680726329887,0.2423543450704673
0.4281869836046459,-0.5608247707853161,-0.33279587576464303,0.8545173047961011,0.09199900055092193
,-0.6804476024052902,-0.2587336971272456,-1.0901767516548448,-1.9042949203226847
0.24269479921396864,0.19959394129860727,-0.32021578142913326,-0.9601875597049203,0.1725642803745446
-0.08912162873230489,-1.6911010267619413,1.4810882645824448,-0.993806896034413,-1.1801561866527517
-1.0441798503735624,0.491269242714322,-0.4481055764480023,0.20927627240664562,-0.43039687613823924
0.3302973206811688,0.2223875486493218,0.7603351009846426,0.47601696157049844,-1.4430889188405742
-0.3895477078260773,-0.40291057076460657,0.575320799328544,-0.3034258073303049,-0.6561586281938049
-0.05287818644153794,-0.823098202439476,-0.8616726477471149,-1.11256069329531,-0.19250615454557937
-0.8702692784063286,0.8389938188651644,-0.5706741654897709,1.1981895396500823,-0.4331672392959014
0.37265807505025617,1.1944971973025749,0.26014994003198694,0.8292247085513894,0.5310015813679116
-0.7732697062630756,0.30705374411351005,-0.7672633898434862,-1.250298687737818,1.5509459281234286
3.1164915645043743,-1.0624105686020873,-0.18992829425011667,2.2661549732399533,0.25142069407481477
0.32800011536646584,0.4082565835878272,-0.24463698404162812,-1.343118755523705,1.1933117498869512
0.3105520759166649,1.4501016840151537,0.8346569559241237,0.7206827304200235,-0.3991552118444406
0.6502991854594856,-2.0581596395414485,-0.743164693523421,0.8806317921976335,1.6210201647211766
0.34336190875569744,-0.8209074109959642,0.07279319411748049,-0.6117294509364369,-2.817599697469763
1.5491936804450432,0.42721434969566485,1.695376918220945,-0.23360581848604747,-1.0812682974875973
-0.13222226639701534,0.919789406811638,0.23512970624765503,-1.931989463986903,0.11714891581653315
-0.36055292317355914,-1.3681070813330498,-2.4956449244199184,0.8104864212390168,0.167126956382517
0.021860729856232868,-0.110441962954239,0.9728851260164323,-1.2988660395825657,0.5444812669884769
-0.3756497846376213,-1.3702746231471685,0.6919868755462156,0.694491811195954,0.6511996297749315
-0.2923883508876302,1.1319668473802165,-0.5677599382642882,-0.27719408265407025,-0.8866180501539002
-0.24387124341209432,0.8138250290823273,0.030940762097053633,-0.6233805495024243,1.5175364504487598
-0.2551930955537161,-1.6705101229757502,-0.3114165058431004,0.6985479598753351,-0.6482851757700427
-0.3458443877636457,0.2861053419648973,0.9329627814155024,1.1158343928446846,1.0197556570552109
2.5034016973109074,-1.3273944129984963,-1.4867109678795825,1.5477543131464968,-0.31458716965174166
0.2664441643645639,0.07885559749013055,0.47182885501345867,0.6308852802731488,0.14611048695408094
-0.21605038549568856,1.4495232676148189,-0.15283231121102892,-0.2503114431779095,-0.4025119059769313
-0.4992378527516724,-0.25534490805849924,-0.5651453751114247,0.8685744070074235,1.8206969431399391
0.6586104343039993,0.060119303677614276,0.722604745981082,-0.25849604871075915,-0.9913966667921287
-1.3055099637745493,1.3118194777037948,0.4863381015683803,-0.10852235010484865,0.5436658980155439
-0.6852864400796224,-0.8045172293934342,-0.5244567326333313,-0.25210990826971147,-1.1252129453324071
-2.0194312624863486,-1.404948690023454,0.46003905850941706,0.6350618702537187,
-1.663322861882918,0.35393471990103026,-0.19539951341582662,2.163778832758252,2.2576373655265844
0.8910092007347424,1.2126055704979923,-0.6107437093343046,1.3935268896109405,-2.167476421581328
-0.08352075144818957,2.0285845069273707,-0.794425155615121,-1.3113041864365715,-0.9908577942249742
0.3397490917253544,,0.6812222419335433,-1.1943949779657275,-0.24765067066540228
-1.6652362217615098,0.2607590716141627,0.4360083126519891,-0.47577669318116594,-0.25924732271545775
0.889122527812911,-1.4927730941741426,-0.4051961556645208,2.7461662538549936,0.7244881573980261
-0.5543898143933831,-1.0940600265618325,-0.511676101712035,-0.38951618390054105,0.7714020810613272
0.36596804472387456,1.8056606560379382,-0.8782434452944078,-1.959716796282325,-0.9049073118904508
1.0600647499247673,0.4176784369553392,,0.7739258149781615,-0.7144920324819523
-0.19374427854311713,0.7970406789656421,0.46441773148624466,0.34254950595382205,-0.7216360375330648
-0.5861263724403285,-0.010790736242176708,-1.171100445712011,-0.12086992475037173,0.19890874973954722
1.2607257425502123,0.17249266235072644,-0.20344491323964528,-0.2538183976776462,0.466560738819565
0.7049462834639938,-0.761554146608323,0.6051848656554252,-1.2351936778337196,-0.550130149197845
0.2777371231310339,0.8388789773466032,-0.4713831139914434,0.648885010810057,-1.853037926623608
-1.0302003175518792,1.4261091699927597,-1.3581944861196615,-0.7857115965222865,-0.08813247378271202
-1.1003479983683535,0.36438385670716383,-1.273423045163803,2.0637174038479955,0.5820605957769328
0.6888259975348432,1.3221988795879438,1.7696244211602616,-0.8399647569717219,-1.389538863371192
-1.1148881653223146,0.49960973833557715,0.4342383051145242,-0.5796143861945839,0.9641859324835168
-0.560842938049116,-0.4946623135189515,1.2158777831879846,-0.027805569542938065,-1.9990974292291595
-0.1339257588708469,0.8972891326277159,-0.783359692767259,1.0107618646810779,1.2435521734372434
0.7601601740658805,-0.6027263521537515,0.3638437515245154,1.3389673138231475,0.06058021723539536
1.02950182813999,0.6677023565626257,-0.1357787525851382,-0.02772949542471773,-0.23753490306874428
-0.6961056145528876,1.0698865247958047,1.2768302378883047,-0.060446834842243495,
-0.994486794630367,,0.7070652007937173,-1.3710750421819993,-0.4668930749842959
0.20645014014540009,-1.030203824978833,-0.33020465811545247,0.7227671116012155,2.026630085435978
0.940734335607063,,-0.030375757949062936,-0.07093222344510497,
0.510685959631957,0.975312480063083,-0.5284919219916575,-0.4530071121150888,0.8280591845108339
-2.171025235594894,2.111283106186377,0.3395315293782816,-0.26527260745514775,
0.05413317696483109,-0.04166813556668124,,-0.07587488464166976,0.7093298236350547
0.16351775754864456,1.5440126522786688,-0.11595703383788006,-0.4907244593657054,-0.5271887200095978
1.1087261649858906,1.8250183091128016,0.40675289971232986,0.9101097268104943,0.33172925225335786
-1.6016392316834536,-0.8035714152334377,0.27518693924791615,-0.9822432331332105,-0.5780826323064711
-0.7778220860856182,-2.253064265963001,0.4985565007710613,-0.21754065694233687,0.38436993504102246
0.712171285161163,-0.8798328407689474,1.7810943899617173,-1.1572116766571363,0.8004801789954111
0.24489220267680112,1.6200105836852352,-0.7884582686800908,-0.7007750567852158,0.8186858817929789
-1.395230755461528,1.5744255517357912,-2.2579870389437393,0.341120890991581,0.4628807323835517
0.561114070440016,0.1330032230487082,-1.5886276477020136,-0.9434129707953902,-0.0004558786506497676
-0.010988339173310688,-0.6774992110876095,-0.5796011743894954,0.3689314001857445,0.13277692006296152
1.9716797223388884,1.1068920136120013,-0.14756757607807558,0.6455113237987854,0.27354163940997833
2.898251993448229,-0.9361991414600873,-0.8638322211747955,0.30978723719593204,-0.5416687267470546
-0.07799875473755423,0.6354582518656605,-0.6482496255888562,-1.3157290161979058,1.156947351014368
1.055390388496667,0.5207407338313257,-1.3889776130286808,-1.5904208344813673,-0.8327080723979786
0.544744188746264,-0.7872586394852686,0.8882513778591533,0.7493114916592828,0.7671770090479553
0.15632168648407171,-0.7313117045173247,0.3515804137086644,0.16550121807603843,-2.8344817494132855
-0.3276428850705709,2.359343978978175,-0.24367031959304533,-0.5490361111546223,-0.2588899139316467
0.9736660376233557,0.02714278899652259,-0.27449639887872646,-0.1602733965184847,-0.2519996182644256
-1.0224976864386717,0.09869960490275435,0.7012798051575567,0.07893540097283926,0.9085210343688513
0.0979729223218185,-0.34215947943914066,-0.35114040515390116,2.4470379878154063,0.3362169983353401
1.3324190481220641,0.21923601734127393,-0.5199230109966567,-0.03948772472639626,-0.48714909349744095
-1.289338151153955,0.49749619084530444,1.5562363823127505,-0.694673965759631,-0.07979350388217692
-0.7059096865551081,1.2647020596234164,-1.6486827889378572,-0.4788470083614412,0.002748529005336174
-1.2900854586106003,-0.14160398470320348,-0.017396015868925127,-0.1374630214320108,-0.5248137909298166
-0.760912756802411,-0.6736717906649414,-0.060323028685515055,0.3027607032686644,
0.3119304346104572,1.1429204549886072,-0.6519034836476898,-0.9080633604891807,-0.6078964900811454
-1.2122247268616657,2.0147180110849336,-0.29498483681822313,0.15525473918547356,-0.8135380220227579
0.7765818961464993,-0.7375325150470269,-0.3773172046957319,0.4375155108518023,-2.3582332921830593
-0.7644467117479332,,-0.4725630695720425,-1.774385477392546,1.1041350101071445
-0.7583583710073817,1.3589828430558173,,-0.07347617676761327,0.7673256813174064
-0.8597222001124235,0.9140034123493337,-0.630111267270391,-0.5181180893865914,-0.5735934728599918
-0.4531437209011143,-1.177630252604407,-0.6600998179595673,-1.3831849577832693,3.014488846781724
0.6155781716170701,0.2637849670738376,0.7349463530430026,1.4900249210327463,-0.7093316194050445
0.5700579972864518,-1.1394276569541613,0.33805408675768084,-0.5246893723862328,0.013967496968343384
-0.6736717567219117,0.9749872826546966,0.306438695596617,0.10551399214341615,
-1.4689342739244549,0.1630844788616012,-0.03680897875420504,-1.0850212187831982,-0.04155754368127086
1.7314076264376619,-0.28978974517339606,-0.060572486168144875,-0.44484980565148785,-0.8534759364153494
0.7515585152737512,-0.8754156847653469,-0.20161969669160038,-0.5504390984672592,0.9347945292823784
-1.4480080808873506,0.3397115656326653,-0.5232289051183456,0.07148883656855369,-1.9293768785000316
2.1583058137847013,0.4847660853577978,0.2567703735868137,0.8404202964000453,1.63137728731829
0.18571388168673242,1.0313660183226512,0.53385250356748,0.8148491732296895,-0.21374980428518284
-0.25179005647059766,0.03561195663954933,-0.41063750851783143,0.09382815237620451,-1.4001610007550103
-0.8266138502235889,0.33329088989789285,-1.181249553473924,-0.3198693395019115,-0.9727086055398757
,-0.17525787634528775,-1.82294171419785,-1.0261475930439463,0.2672827235062559
-1.9477001986607836,-1.638097661660461,0.8639182335371342,-0.2570663609080876,1.4123489354839869
-1.1815925188945933,-2.674757885807139,0.2554348110781091,-0.529061976197268,0.6863463215697049
0.45973712144944484,0.48261169294162076,0.6857324199169949,-0.11479719279953558,-0.26517435082653584
-1.05696546507873,0.12286724933924735,1.460154870701443,-0.7869087492866756,-0.47182573424548624
1.3180429555030568,-0.7880106150309244,0.36494808297675413,0.5463786008347941,-0.8818383474410386
-1.1807901537032848,0.2910889138350905,-0.980654432367682,-1.8538846618309683,-0.6677949466441461
-0.0026098031065711342,0.8479609629098392,0.04836745694914131,-1.445415404823925,-2.1609288784087783
-0.23101981121844334,-0.02879493843908132,,0.9404779433158533,0.14244167092162716
-0.19087278048345144,-0.3883900884350073,0.815974675330079,-0.5687089663962802,0.5138161266435309
-0.8059267744455089,-0.1464859191892395,-0.1385759461056824,-0.11029611801388182,-0.19501024707364803
0.4356280798157161,-0.8973082447202162,-0.8259050885991498,0.45104261141166174,-0.4728297065207704
-1.397991154956756,-1.4880849385149661,1.2042859156615071,0.9404153690565334,0.4671265029207404
0.26767781580487665,-0.5500443425027093,-0.12972345408202585,-0.06051913813377968,0.7263969033410012
0.4009484819822479,1.0511522033668699,2.4474451731062015,-0.7508106987690487,-0.6187605088271771
-0.19495009740200356,0.2075753082930573,0.3362724322425616,-0.26860063232575376,-1.9420076999376756
-0.6941284122964669,,1.694316920098952,-0.10945543231384229,-0.14300054505659648
-0.72427692870647,-1.28239160753678,0.35975044071924606,-0.3102491015604291,1.0014712559926735
-1.1670325580321037,0.6971296419446854,0.6027425733544035,0.30398128416012926,0.6541508014402294
-0.15193183808306274,1.1849631143348487,-0.8093247479168222,0.3622650793504368,0.4544891641147854
-1.426796361141313,0.614763371835863,0.13687368683069154,-0.779411088085243,1.3677945490758026
0.22079569071697766,1.583248103928587,0.012138843920467901,-0.5107642341372858,0.28382888840011516
1.961864320258493,0.012883453140225303,0.9015197762998263,-0.9805963127639946,0.6430292950799027
-1.3539574405340633,0.6153758451836548,0.47016825739948104,-1.2307392308259142,0.6332741462619458
1.57546015834313,-2.0727100575367676,-1.489344067694458,0.031912417417523334,0.1870517827647994
-0.8031832762504016,1.2644208467532916,-1.2085564638138884,-0.6646568690878342,1.44177684008752
1.1023999139670673,0.6505804095905575,1.2059180705519508,,1.1236847129826022
0.7574290744605521,2.0273969519539947,0.08273445859079452,-0.5967367928854521,0.4216024820024162
0.8209301529486824,0.27146650872585665,0.6265741684442342,3.9408720215092816,2.5727811420455384
0.38647987207038886,-0.11936069753867139,0.19195535537234362,0.5882720687159831,-0.8949867153540768
-1.944588405208513,0.24913099427659285,-0.670527227373498,0.11479701173516699,0.8134547255577672
-1.200879074004479,-0.9911304753281833,-1.1020404590116537,0.4044322437324563,-0.3072672971919108
-0.025050466786552646,-0.9051266479324808,2.1286400798361864,0.11981981128100999,0.3003773756705113
1.5811328718722806,2.1250258356009373,-0.04499909697965311,,-0.4980323975581682
1.4766801009583836,-0.47722411317229635,1.2414479853764275,0.2812309680444521,-0.5344353802729305
0.23769513103836504,-0.30632160783153434,1.054081707550057,-0.1989854008398638,-0.14643708087190443
0.5182961038578722,0.4548380949101182,0.6230711877079628,0.237296830281121,0.10498947523057173
-0.28798600970406596,-0.3820689195361057,0.02404616066642941,,-1.084282960854745
0.02207286298809195,-0.5345625718488047,1.4388764470010214,-0.25642157154954387,-1.1922558388056124
-0.09928808250129466,-0.09067021939511735,-0.5566757882737787,-0.7803266389384711,-0.5378860625090749
-1.148411113464642,2.0093795233363054,0.572113758201155,-0.23737716768717745,0.32592851588888977
1.9230022284687256,0.2481354567040777,-0.9442529106251332,1.3457446973914664,0.19112835654830004
-0.11314944471761448,0.7436139049486883,1.5342916069603103,-1.5917032779574403,-2.0897183657496283
1.2908084678423655,0.5979581042275997,-1.4049179404074628,0.8750926431948672,-1.013987096087465
2.51809979583314,-0.18586283837267542,0.32332261735278617,2.0104928980268064,-0.6624434085094382
-0.8009923969439711,-0.2275102710661936,0.3297384768631262,0.732679500332952,0.7772276258956754
-0.8468404321736195,-0.7145057484532373,-0.5693786639106687,-0.779477622660369,-2.6078691607283053
-1.0379400115275759,0.6201580253350956,-0.9927185990240316,1.0965375314287598,0.13537452679603745
0.44035418380749297,-0.0908822547324343,-0.7337373537012146,-0.18277700040557188,-1.0452904599951396
-1.001389198468186,-0.2797759340255322,0.45629545279597167,-0.30350309623916727,1.3216270281174762
0.4379533079073777,2.185862357162599,0.3544743439927107,0.785098957428464,1.2872718956475249
-0.8594108583261405,,-1.1364883238368044,0.49043541950513847,0.5040711832383266
0.23073339765839473,0.8041546315366039,-0.0347486129919711,0.9969341132179805,0.2039632169131857
-0.8483210533938145,0.00745926137270306,0.03358529167876226,-0.18917478627131817,-0.017970984396153546
0.2057165682511496,1.0012904135695455,1.1463237843871703,0.3654272224743663,-0.07037365493017537
-0.10811042508467708,-0.6692900046692788,2.0518031612035452,1.1778603282521882,1.246664482706582
-0.34953704476966063,0.013459743991318832,0.4011815516900474,-0.3814521462337094,-0.3023719633383729
-1.2390253359822991,-1.4962453724747633,-1.3348855592565227,0.062189394570530784,-0.13318877230600248
-0.6909238591754896,-0.23262742372681872,0.08916882323867624,0.24878182471132054,1.3127504474487186
0.27008851751747326,-0.11847867448948518,-0.8508431001683545,-0.9238338467759997,-0.33388151067911126
0.6483583448672133,0.9304053743713947,-1.4428737178254682,0.7810575932625337,-0.05363746216268694
-0.45805251776241945,-0.9687486048750393,3.157922369651686,1.3729578183969264,-1.5952106792244336
1.9234177763561053,0.5544889090906302,-0.9283875453919279,-0.2692590856950637,-0.309716615932911
0.06046919814377617,0.1068444370771422,-0.06414601563651857,0.1652870842310768,-0.08134417796444678
0.3083194071030537,-1.1751141351980516,-0.07411747845125846,0.5521404490841082,-0.8521456367804393
-0.8170385292829693,-0.06926804747087745,0.07617855347947955,0.4771152414482047,-1.482978564208957
-0.2374404688686055,,-1.36228449693573,-0.7847129893538686,-2.207054500055769
-0.1693000822956118,0.33579631437529306,-0.8942642942094341,0.13785826551349062,0.1591621776463587
0.23430114161119872,-1.8785027497795144,0.6877074577534721,-0.41285163234111155,-1.273792073357892
0.060318739904713745,-1.6313946642937835,0.9283112396312171,-1.709380389271247,-0.07628508184927248
-0.7198124053438201,0.7146751955308256,0.8562223782318621,-0.19212181943531162,0.7199004396254131
-0.570142057128802,1.8911704860661518,1.447657923743525,-0.6333035350974864,-0.21500595112880433
0.9225268510939767,-0.15221329614052,0.5071198021887037,-0.6876829980031837,-1.0689825030567486
1.950696437842952,-0.24506143766740385,0.599355843908424,1.1159271576945464,0.035519290971098134
0.8991260457385162,-0.8686846171802531,-1.2228943788507054,-0.4130617265891924,1.2738782106666802
-1.6015825362005551,-0.23714649314520897,-0.8487093050098128,0.08488548621197506,0.8998957235494486
-0.06785008983045816,-0.5558786583472178,2.0846460946299445,-1.6910931131669495,-0.07193549390259402
-1.4352064802815994,2.0157474606963706,-1.0627827445799278,-0.49983860075477765,-2.0088418931100485
-1.0253889577089774,-0.681420553378824,0.4993732428973007,-1.3661680892217132,-1.657542590645241
-0.06667412562926178,-2.077210541195315,-1.102859193837942,-0.0065295980278901955,-0.6012558728067999
0.49445134922554024,-1.1752736316989756,-0.619550375372423,0.19484703678011167,1.4685691036502486
-1.3190931378512418,0.4540091372351389,-0.9889358258144212,-1.8657526809417662,1.593473759441795
-0.1991430432141168,0.376638083071321,0.17657149730253935,-0.6845220476058308,-0.33337782904374974
-0.07110838704682791,-1.1251950716818424,-0.3522209921894297,-0.7328764200231678,-0.7994468580908157
-0.7871379198827164,1.7262536452381807,0.838326492405549,-0.06922537159672286,2.493981429188638
-0.23232331788615437,0.3638124762280374,0.9483431512883046,-0.15542908289603977,-1.2229115769231922
2.1031142938601284,-1.1754981105310829,-0.0038231810498501593,-0.05389955474568567,-0.3576763626375566
-1.5310351054744382,-0.8878423628557601,-0.3483192458572054,-0.38199620450509136,-1.5811256441682475
-0.8502167554326321,0.06103380924018396,-0.5369379797177888,0.05007650000772165,0.9955248318288772
0.6105681919651504,1.052719280564268,-0.8446426320648148,-0.3688363822437055,-0.6194551285379529
-0.49418652047984546,-1.060632352107489,-2.2644018399719643,-0.9577084551700286,-0.4916657693017929
-0.3259148115880862,-2.201846272833679,0.5977600831184552,-0.15313616798696625,-0.5772757917563098
,1.0553592431672516,1.0322988701216673,-0.9972704147785583,0.5503704288776844
-1.0523769365084774,0.02367871087294288,-0.07547623080694467,-0.6898988254478527,-1.0843876109715709
0.49674292008636944,0.8632227930431545,0.4155514726600757,0.755706593927386,-1.0599788861499266
-0.5059709712542024,0.21805975759830096,-0.07813354419579863,-0.7793281738316448,-0.4946313311530279
0.3974655608370135,2.2459782010283913,0.24041046858645043,-0.09555556071378209,0.4535843842184298
-0.4858272298698509,-0.27291775223481923,-0.17280152618751518,-0.6299702773890673,-0.6641529145523671
-1.6409924286331046,-0.9898312422625251,0.246254448904809,-0.648159931790962,-0.5138286350444073
1.0674341540858288,-0.5314541890520507,0.4673819102956228,3.4122525299591677,-0.2369486206481853
-1.2230970348404184,-0.7578072598447881,-0.9684120687596447,-0.341780339006238,0.1763485615565599
0.22811909919703308,0.47074829379968536,0.7829013606091736,-1.044104271169178,-0.12534003443111244
-0.8279283114657653,-0.32256843581127653,0.8116199701169455,-2.1490875767550794,0.8306611163733418
-0.36270213554989333,1.8660752134330876,0.6038318826207267,-1.7176907425320955,0.20904930672899796
1.5275465166153017,-1.0240446928158016,-0.1987630667241701,0.08104296855607011,-0.269714531499202
1.1916269568990887,-1.6009153050713196,0.015116586606944506,-1.0583996251191645,0.8493210733080448
1.3373344710634483,-1.7449775671473848,-1.0026907822694509,-0.8726507084670542,-1.4160925730317466
0.9465164606193546,0.014312954645339165,0.8503739423061866,-0.22571124260587447,-0.200863684967574
0.06320493197655956,-0.08272269835765507,0.5627638046376454,-1.8213856222073415,-1.0511353661454739
0.6184537381984088,-2.4448373853857612,0.8537086880315894,0.46474748791314496,-0.027567826495221843
0.7348711662041469,-0.18215465471356893,-0.9227317806954193,1.1710746261323968,0.695668066058977
-0.07697250081023417,0.5799667456342529,-0.7555176367535306,0.29054477052156263,0.7960414424384383
1.5946846100989565,-0.8732027592592125,-1.2448059454596174,-1.3066255164439393,-1.560857501003901
1.6117232637694285,0.08092877176931582,1.27014888779785,-0.9274177574354676,-0.8316457792679343
-0.7034577169784625,0.5943518062025327,-0.010540517264653701,0.3948888274030793,0.6713852575412921
1.4399076879498274,-1.2986442427553633,0.38907833943398085,1.4399712351448217,1.0539549437497922
1.5850575885969858,-0.8553772745643796,-0.4839296890192759,-1.502642645334997,-0.7878218102774157
0.22994572605056313,1.8363964426148764,0.41727978963497103,1.5408343236886173,-0.8363000436400042
1.0468236447557946,-0.7152208477840613,-0.32453130308717576,0.9030796115157493,0.4464878121147255
-0.07725730789558893,0.5068494850768899,0.6841864970704836,-1.4105447004439626,1.2304489661248057
1.7243273903361156,0.02595967692325985,-1.3873515418802356,2.0277971388414415,1.3427987227250697
0.5415872219563546,-0.030890762427642732,0.8962653257257639,0.18743288399753572,0.12424016006670081
0.4324215389829247,-1.6320863639444563,0.6166533439553539,1.1733292826808328,
-0.14297713471998313,-1.1249260975143214,0.6397014913217702,-0.01430924407962238,1.3181436566691036
-0.22441218740231295,-0.27595505279446714,0.39048576778846067,-0.6909101770451188,0.5993078013791976
-0.8269860348726787,0.5552388828668022,0.20286899052534718,-0.7691161128531571,1.556732407122467
-0.644000033213009,-0.9549748677401748,1.2484081623553889,0.7240914946528044,0.20059729034728116
-0.20049108656162484,0.23797534067872028,-0.7587959480831006,-1.1011128665206533,1.1105170127190997
-0.894294281088778,0.43480265067847856,-0.681301697004145,-0.6147938818076863,0.43430102075533034
1.376611909058704,0.5052362551727402,-1.2920886166010013,-0.30329939782019344,-0.26252330920241995
-1.0189685577061343,-0.13420731634671548,0.45567001824204373,-1.4939013847005254,1.1837393242713634
-1.4397222126041913,-1.1391555064202579,0.39469354240934085,-0.09422936879887903,-2.812491250295366
0.8273515259494124,0.34713435612138566,,0.9467812812184424,-0.909790239265536
1.7641877537468962,0.9085907549661169,-0.5951902547121894,0.9416601509881636,-0.4024094664001443
0.25024587219830857,1.142980916106296,1.0824981955085984,0.5689275864678669,0.2991219649305645
0.28229210660418363,-0.39055871119320024,0.5574759549472308,-0.19509919788551833,0.06342982352869064
0.1199792209442863,-1.6922891760715524,-0.5517539597599082,-0.4986699455856988,0.9249470630049643
-0.08362777574822715,-0.7365424330488272,1.0610704401433768,,0.09259654210352737
-1.7630500868103414,-1.845625469767166,-0.9546346286988143,0.8821655628452186,0.9124946434542494
-0.6391018869418509,-1.7388371247910492,-0.32437535287163405,-0.9216227648297395,-1.6807986590326827
-1.0102135732140007,1.7773548929189855,0.2544464598709789,-0.9214906493569445,-0.7852642924872789
-1.7571706733499697,,1.081036190673085,-0.22743844266848545,-2.8932815373647727
-0.38234949891573067,-0.1844856484533119,1.5505670649520518,-1.3312884530632854,0.5647197740555888
-1.5381763902198469,0.9458430442435604,-0.21908576479138187,-1.4417103466581247,0.07688506186684844
-0.43643268663539087,-0.7118070181927799,0.19026818984834062,-0.5781214734649812,0.36143996295706027
-1.273184945580168,1.0947351905731515,0.3870903599664358,-0.4786731066832102,-0.9572495385381571
0.42930586809732724,-1.0258529037236683,0.18348575175403103,-0.6500677625988076,0.49637682498203084
0.1612280252853979,-0.0785803200556658,-1.059570791417826,-1.2179601072383572,0.2835596037478771
-1.550798894437514,-0.19683548692796485,-0.36880495578077943,1.9746678451510449,1.6406038115335102
0.9912307144673658,0.5756585980912374,0.747500404437072,1.5885932339880737,-0.02505043354956487
0.4702778844194834,-0.714240529108702,-0.6581177063436789,1.0161575809068415,1.592752522934532
0.9746860941368709,1.0368235516319775,0.34349359824470066,-0.5639610637463266,-0.14986585082745402
-0.12331545359053343,0.9922607981132864,-1.8132503320995028,-0.5576444678909823,-0.6988695393354121
0.2255199918606847,0.22167400840033014,-0.38725984977854633,1.252759030573026,0.6666157717350473
-1.1082650695394873,,-0.3714810526807499,-0.3847143235458877,-0.1288384734245349
-0.34605999841337765,-1.6387477328372937,-1.1699313197746166,-0.33585821550414824,-2.0113944165103472
0.4568507038612785,-1.3072955816748761,-0.6290821010815928,0.39288871030011824,-0.21780055782676153
-2.5806360901466165,0.479883472209068,1.248378178187544,1.0479440419217416,1.5350032788576127
1.1399867170848432,-0.31381408328851523,-0.1447079854482748,-0.013364784433476292,1.1375503321512708
-0.5158910778788841,-1.0391797291402607,0.5889212399035527,2.9550081263826944,0.3595821845098359
-1.77000757527397,1.1675768198544225,0.1677701724106959,-0.06288533914218113,-0.5004881064636161
0.9568745434096896,-0.492890797920087,0.45516825269030964,1.4659955182713011,-0.03594675844123079
0.8668648496670175,1.6341450811814606,-0.7185897548637895,1.0582879967411736,0.18234286760240223
0.944899512519377,-0.33381108311323543,1.856427823545248,-0.24928117380341674,0.28350245695490317
1.413070968984137,0.4416710284086183,0.761489679761178,,0.13620914537750362
-0.7194368647620913,0.4496141293003284,-0.859546376619544,-1.7865232053722817,0.6236878911895243
-0.9287227914356935,0.650686995532028,-1.7468141168944906,0.49142075219240244,0.8371189982079719
,-2.232044589508965,,1.4118852633841492,1.6009757017168478
-0.34602737631821995,0.6775620013193081,-1.6476814580754682,-0.2093758365078247,0.47361775406178347
0.14239151383381474,1.662146382534911,-0.5693975150239712,-1.2472271657501617,-0.558012979684392
0.14125846006352685,1.3473140068012301,-0.6986858291208542,-1.744188720667636,-0.8710485253263469
3.5118386396622645,-0.08988072177221026,0.2518707328725701,0.22966651367442106,1.695316397635165
2.091639668194943,0.3071325581960616,0.5339782733014982,1.656376253646106,0.4054154483376107
1.6357238614595695,-1.2185935667777055,0.5467042749333686,0.10235263950307437,-1.0998464608030885
0.42832609035270225,1.3321116690012724,-0.8369284364401681,-0.6855005591292217,-0.3128065965371121
-0.9075171742178993,-0.09264403755884737,-3.0583986282800675,,-1.3356115390150871
1.0849469303312675,1.2489250379784522,-0.24550514072976842,0.06338435674771685,-0.6962993917874634
-1.1698967966199023,0.42543148293405464,0.2914272161178145,1.0486802370311938,-1.543012298660369
-1.1846701553599577,0.0018372391586612895,-0.016453237957715926,0.35639041680013417,-0.7714788738466004
-0.8258865929648848,-0.5549331991336008,-0.9859857433653403,0.4168415687961816,0.15417124885340008
0.6443327429858873,0.20609804687994088,-0.09287400465852715,0.6568886410872825,-0.7483150841406265
-0.07252798501479188,-0.8965927434772103,0.3862236157566755,1.3382134408367141,-0.9722834361535999
0.03640818261270736,1.0154957107634244,0.06819285416845379,0.6525251118642936,-0.06785134169671171
-0.02268717195887177,-1.2425498576803464,1.069210137244375,-0.7758046873677852,-2.027460923241349
-0.7735374035101957,-0.14450622317788092,-0.08794718609541201,2.571287810158888,0.013645681689925734
2.9219083534121575,-0.7365964906530791,1.4263552817145806,1.7116272044133594,1.7993937787824552
-1.134713075291921,0.4521113715943366,-0.08609614208382452,-0.896366243021504,-0.5468848458257699
0.22495091383796484,0.3674363105145615,-0.5600597761501611,0.6793016522715807,0.632246231575434
-2.0963227245505456,0.7590632572452931,-1.0496802255714235,0.5254227149353146,-2.2190061470109117
2.2862676907969264,-1.8255600606106577,0.6834808574394697,1.528508625691286,-1.0710096982083204
-0.5167509698142979,0.5902772743423147,0.724443402344899,-1.3095051835509168,0.4873436306772876
0.013619437186903203,1.208789175909961,0.7813433198050264,-0.9954298486623858,1.2161322577697689
0.5057695812620301,0.39635747741416194,-1.154504401113845,3.067952642064632,-0.953749949784354
-1.5147416089096233,1.5569550878729157,0.8309020845798543,-1.3037301841798297,-0.28832068241453435
-0.1389748600799486,1.5898329572883778,0.6306717148119403,0.8573214306836854,-1.2718983855150767
-1.6339373318013086,-0.19822988824926566,-0.8115870640863442,-0.3770889129675282,1.2574027792307583
0.5130073958422521,-0.14342249990051273,-0.8743996661691663,-0.05779557490365892,-0.242084633303423
0.18171038165868725,-0.6026326397672512,0.9445320404162458,-0.7421363019603929,0.6049487482209593
0.28721300636581,-0.21682902778873017,-0.7011172920154082,-0.3925917287756159,-1.5104182043468337
-0.36269111799450116,-0.4958587995008473,-0.07368259750847023,-1.861211625463674,-1.0996010529786624
-0.7470258515947148,-1.080894486305637,-2.300091031405036,0.38607747236668644,0.1363224598252848
-1.1286017064211007,0.11930948716118324,-1.3274287491261376,1.7772233235105388,1.8740362660771082
0.9835118754020057,0.4990890315548011,,-0.07509417573155852,0.358533346638098
-0.9744779393414009,0.22625429325305277,-0.28992109358066515,-1.4060294023297482,0.5915497381615665
3.227781482973839,-0.502998692787055,0.7719693666344991,1.12095159456602,-0.2141781085556409
3.6381646899931765,0.7366381657237441,-1.1338691137651224,1.6739775068748224,-0.028190756213383218
0.8024627284280872,-0.3039775930637408,-0.720687336730444,0.30448431969286377,0.6236640410967551
-0.7397382454946103,0.3703061964336715,-1.2545266895197236,-0.19732100246512665,-0.24076582897132895
0.06733316124619552,-0.45440695667892644,-0.003554892221436725,-0.06285770554271479,-2.0542654188910614
-2.0838908352919683,1.627868777364867,0.003791232912638418,0.2891304171395716,1.3955555541351443
-1.1570212271871554,-2.582393934433526,-1.143208089329345,-0.8365597754191825,-0.0069173157782661514
0.7347077579697029,-0.17362878972443863,0.20871447084451147,-1.744324435099247,-0.1418635447010979
0.8172841173615872,0.20811421460873436,0.6418288067770161,0.21630114530443498,0.06211274501554238
0.45262759836594757,0.7819974277329733,,-0.17777457658260462,
0.7436587400137741,-0.4313702735787854,-0.095765847302008,0.9622636361144303,0.8084153095641164
1.9968640522285201,0.13601912297653235,-0.7878863380121239,2.603603088477469,-0.7935717831857636
-1.0977999453947016,-1.944501377599748,-0.27052413616462695,-1.6324731949746925,-0.9421481557521844
-0.1275437241034644,-0.03873724656156361,1.832737857308617,0.28607826159746647,0.7830895968473073
1.590707269494358,-0.2374677833156815,-0.16959503722775057,1.624876231920228,-1.0253807109077306
0.498760864190358,0.23273912885889203,-0.316089896207637,0.8564170933634649,0.7780984208364009
-0.9174597583219137,-0.9130888933600229,0.8250911766741231,-0.40125314917660937,0.2265090841605519
2.2536479569340195,-0.6735716185342778,-0.4320282016743103,0.9855756524879298,0.2716046336497151
0.1485582166798463,-0.6494470093631723,2.003029738584058,-1.5773465778565767,-0.6012534680258228
0.0912297244501769,2.602184127924325,0.8818463423453113,-0.3716294135884518,-0.4729360498025089
0.9797195189087304,1.5618688363020392,1.76095176183974,-1.0109252824089912,0.6307097310189208
1.0963964336793073,0.8391499543975975,-0.009523243975194527,-0.07453913614750834,-2.6863367268076117
0.30470312347079703,-1.1367170522035879,0.8440390056837747,-0.45113533662758415,-1.1313783239157391
1.7941670334710575,-0.5719305679651502,-1.2665607200411078,1.0444820733517137,
0.6684400076236496,0.7963937002945853,,-0.8548696758981319,0.39983691870366056
-0.9574389375260682,0.8720560004082876,0.26587314402772866,-0.5160847394780869,0.5808670199669053
0.3285712667769097,0.5871880989250308,-1.0872705502850408,0.12270955130959076,0.2851806081634257
0.0949786888042319,-0.3241090042012676,0.6132885971976042,-0.5193552133862162,-0.4957592864882443
,0.0866985718824321,0.8964535686249865,0.5626462553724841,0.4468900733872916
-0.09947201409485219,1.0944126594372232,1.4725754995673395,0.2104573213732536,-0.1239141423978275
0.05743347949412982,-1.0439417162181102,1.1229587650491655,-1.358930619147698,1.159282117439513
0.6326611373923426,-1.9083126681677183,-0.1644389640905446,-0.7261640676683037,-0.4207923147987078
-2.237121952358438,-0.16993827699594777,0.9625974396782173,0.11713460735305399,1.0871927122884784
0.9224014855213917,1.1735231762843477,2.1171479704751945,1.653903722372889,0.1268607154096339
-0.6247543345635336,-0.9928808511079118,-0.5597736231870254,0.1585030013751986,-1.0599969387699146
1.0285830860340082,-0.23159720587378188,0.2188131426008163,1.1714316073183624,-0.5649629486185376
1.3880195370060293,-0.16226915448375423,0.17747936564276143,0.2829604571673406,0.28314298432144
0.012234905266222056,-0.23468442674355008,-1.1164036359111644,1.3289085864858066,0.5972603635324165
0.33087517756220913,1.2755878624767367,0.8234952146028317,-0.8842885251606462,-0.6786149405762623
-0.43813617081714373,0.7020320795537636,-1.4025140382891028,-0.35972314161484015,-1.6691887737120592
-0.942966117077025,1.6775228445940413,2.0194082058591167,0.3806710312375697,-0.8529640124964983
-0.16756292512039112,1.5481876379313717,1.7465296367059098,0.08205325193509895,-1.1240332703924607
-0.5712041000738063,-1.7216082044752756,1.1509382395112184,0.14820925695009743,-1.8303805852510078
-0.01106102953668235,-0.69367711281258,0.8299352502272912,-1.3702480065781144,-0.7473570259264309
-1.190040987756532,-0.40058159083481176,1.7213229654450453,-0.11951953266611431,-0.6893489648500455
-0.3550295625568201,1.9107430770747773,0.9933161708023623,-0.2933946076841757,-0.1608334480047606
-0.8979380660805826,-3.0268771983548546,-0.08068223489162203,-1.182345105139878,-0.09948597864664792
0.407981750723917,0.24188871571883408,-1.2138732604901352,0.3471604111331885,-0.36873810892005254
-0.7966854383133808,-0.8234119342573467,1.1246229428354562,0.5059467806112291,1.7541343944989136
-0.06770865641841516,-0.23759454594277565,-0.23817068154958881,-0.1120447708026468,-1.5173478474641222
0.36644972542700854,0.9958451183404105,-0.20538832080347,0.7410694141336113,-1.0449086576191933
0.6660712038035668,0.48792437073513656,0.6266994075114142,-0.1773115660683959,0.015503800819171782
0.791931576199879,0.8269705980326999,-0.21604978289288568,0.5077632812594882,1.4023177604791752
-0.09955678336994805,-0.27403153988081047,-0.6911473275387573,-0.2440479184065604,0.40663637537491615
1.512684465909625,-1.006012783758936,1.9889146141346885,1.24503662222579,0.9594680588786652
0.2182113810988905,-0.8791787728346834,-0.5469416866284539,-1.9452852993948717,-0.7806028720371874
-0.5305339089903041,-1.0595870911678023,2.0510864678201863,0.26671944398514946,1.7686128151840146
0.19459446910019368,-1.6778305163367162,-0.6542615435750004,1.206894930954913,0.359289716483236
1.549053722847867,-1.0776810407134878,0.1643343850207155,1.7908289428545545,1.3736194447100047
-1.3281930758548908,-0.12122509923912629,-1.023886988992266,-0.940684710034467,-1.8832846102788172
1.0525769468917296,-0.9162236394310243,0.46118419426734547,-0.8559373851866556,-0.551369914736861
0.10392170063972526,1.565257719341766,-2.171517773409128,0.7551089978026819,1.3352335542329286
-0.24924169679667108,0.12166640920146386,0.40562194443355676,-0.05065581043979103,0.6511899188345484
1.0342392714132551,-0.4309985242514703,-0.24447608935075935,1.9759071192006614,1.8841077659462524
-1.2071957698887266,0.7540951939377236,0.48226697887074976,0.08213164269027083,-0.8341869498866112
0.5924567098431479,-0.5256756481131272,-0.42776645499396326,0.7421615560732157,0.7356561996829455
0.03845080916639502,-1.5798131835004994,-1.2366842750516276,-1.1407113120429866,-1.686719183504065
-1.6945648546917884,-0.8421614057707278,0.5429957733351777,-0.0172993993641061,0.36461701185160733
-0.7134221299474043,-0.2499073448928336,-0.6723930573131346,,-1.3738641586128102
-0.21143113979335057,-0.0060493583918881655,0.4370531789528673,-0.2767409130780376,-0.03916465387711796
-0.39807883936556054,1.1467933607361305,0.2004317112661083,1.170744610486224,1.0454632657612524
-0.9797646314687432,,-0.6269215251659151,-0.9574670007707224,-0.35993040679858707
-1.0479357901793747,-0.041708525577388085,-0.714338853521074,0.3441894559264607,1.4563212881137115
0.2862628611026621,1.1079518753444442,0.557932881322852,0.7498943687903485,0.3894352464600197
0.985372348092138,0.38229964828219715,1.7255494774534887,0.4037076141935423,0.21831671967048752
-0.1613764296935837,0.49372644881741456,0.008758039779074684,-1.726990801126285,-1.5634348649578522
-1.1602780596922107,-0.41523847910876865,1.7060975515091383,-0.9911853301859738,-0.06875373414338545
0.5128563793329501,0.776996230025941,1.5289534998112564,-0.20557948373746593,0.18817023868960953
-0.554563190714358,0.5891841719251587,0.5042684503335032,-0.05245028436958112,-2.8191500434987637
0.7918402327403549,0.16186194688578653,,1.8089120966169785,1.2448454121438488
1.1092004807056395,-0.8542774660515486,0.29880710864140597,0.13257477947689084,0.814468914309784
0.3209002612829149,1.2622027654151748,0.6237245360494288,-0.42907703885344134,0.6922931651026645
-1.9972036517788454,-0.25177868800849473,-0.38825955665447603,1.8593012637397923,-1.0185592235121077
-0.6681696723925695,-2.982393629937204,-0.9298453974019365,0.1831919028369554,-0.7875696708677185
1.4423153090366592,0.07447014585086631,-0.67305625069809,0.5799016474639569,-0.5448819300464188
-0.33723772917520206,1.071839434918008,-0.20117865847199023,-0.6088266964143317,-0.3998748025301928
-0.02587071448257495,-0.35572757365382446,1.417327328136056,-1.0730067098140164,0.10494365835927774
-0.009253056693639078,-1.0714204977221171,,-0.8123173467381855,0.48349287310235184
0.996193692475468,0.46383659727074666,0.050313435826517754,0.42361626543663156,2.120181819740343
0.06720034410503126,2.3959692270743194,-1.0450237354858813,-1.635397223133148,0.7632076948110146
1.5342057365140414,-0.8162916908534348,0.07655454414522965,-0.9413629896904355,1.6755585260530041
-0.5138454272700289,-1.1339753259437666,-1.1209708342194022,-0.9791919380160546,0.608890988611715
-0.0819987582277888,-0.06007874925970794,0.41817484009447176,-0.5828024395633628,0.1696606401170507
0.7675428180352298,0.5022228522531075,-0.3036297241820664,-0.11408288599835244,0.6420103112201853
-0.5198675132884384,0.10755619429612576,0.682315850237407,0.0505745528093749,-0.07856135898292842
-0.395577956308694,-0.4452860512060494,0.09714360972823509,1.687609199997436,-0.6287819210681966
-0.5698472976894149,1.1188887205975175,0.8801574134725175,-0.27098145109752186,0.42282703364925717
0.6110558815442667,0.7431425698584722,2.013850918078783,0.13968334548068406,0.2673323304086822
-1.9213024556428835,-0.16842724169565934,0.4119520088799251,-0.9120108811633069,0.4920853630140396
,-0.5321528505534363,-0.9167926398033229,0.2054750939044724,1.4935675180018908
-0.7773488291638406,1.678106761860301,-3.087310920963595,-1.7176386830075998,-0.6887695472908775
-0.7534423142947794,-0.19544777932031343,-0.2949037979699234,-0.6924581342043605,-0.17567068898603166
-0.1082108654851456,-0.9204204892042485,-1.2717969201254493,0.3003504904811801,1.12709414740603
-0.5751915494489203,-0.36043981708158557,-0.48967409034411863,0.09954100439643158,0.025291124954113717
1.1741107680442866,-1.8379343479357415,-0.057020660709056946,2.142662220216333,0.7224995614703713
-0.18299736013672951,,0.6702158689421587,0.09885437251021777,-0.32490948546382764
-1.2027564038288947,0.6906979178654745,0.7483291121728032,-0.25713953472131834,0.2814292157671164
0.39633223631243475,-1.0425183003548582,0.2582566859465259,0.5368174541663276,-1.2008682995863473
1.8508718644117896,-0.6889245829707885,0.6705361233161763,2.061331216875138,-0.14384754529254734
-0.5685818897227752,1.6831180556162548,-0.5562006010527777,-1.400653440243054,-0.5306104112279182
0.21776506117778763,-0.2914307855499892,0.3636729570413706,1.0053628089210436,0.8176676378242468
-0.5456465271093376,-0.04414970385861575,-0.3841828865548892,-0.07811593228940224,-1.0555749696227217
-0.7543085731605598,,-2.35031391104155,-1.1927491661514278,-1.90461407669962
0.18553960390543622,-1.3005010171488889,1.567534104016027,0.9666545050734151,0.4801698865517717
-0.40800264680355414,1.228035604217933,0.7003371787932776,0.11935476349040894,-0.7423396261441156
0.20670764574949388,-1.3168854663571938,-1.2847830273694594,0.4119209234060711,-0.2723420634855292
-0.21220335815373084,-0.7771787609113209,0.34565725907315725,-1.2625639244856874,-1.3956030847512468
-0.618012023815694,-1.5391474434607992,-0.5293309069766751,1.7977856749955687,1.4377921685626978
-1.210456654518016,0.3210349185523783,0.23317604601486824,-0.6759988509657644,-1.334149907371898
0.07838551757537222,-1.4537179634995163,1.2856404236909897,0.7307519599180592,0.855171590682352
0.2464529899657998,-1.4198124702668704,-0.14778930980319321,0.3239514605342879,0.5000004414502368
-0.2108310269164658,-0.5099497939747992,-1.1483702927798762,-0.13421166168042473,-0.6826977421576391
0.0016557223617356183,0.13901228694005865,0.36838412119206443,1.0684399285276516,0.18698852853141487
0.1574349732058602,-1.476887532872185,-0.3297240915341791,0.21446878770275643,-0.8644991826744454
-0.9309312316448125,-1.4408773763924219,0.6958292292684031,0.06000057413528749,-0.9468839614082749
0.5413309271515228,0.3012240465459272,-0.3162544965872281,0.3553894622776859,0.07211826459406236
0.8432931789530475,-1.0703832368927466,0.8534471692670205,1.1427970849361067,-0.6523077045660963
-0.4308020274845096,0.04187926269756895,-0.336641857315027,-0.28599180687064574,-0.49700581246703684
-0.44709299922372076,0.17711211185901016,-0.31296272146241805,0.5060824488460104,-0.30069563405482236
-2.608535773233393,0.9410258351857634,-0.6400726107841445,-0.9248111901931375,-0.4593074186042054
0.3329801154379472,0.8850897018408599,1.5516531809350946,0.5145066149390476,0.3349074239053181
0.1477281381416802,2.5591852754066973,-0.7400342485794078,-0.8045485720609822,0.2728835882513662
0.5530156194811625,0.9675382351903961,1.5996501526724043,-1.2186786927787716,-0.44632080165761984
-1.2914553369015151,0.681525912298651,-1.0896648917892704,-0.5098099865269123,0.006272710456878596
-0.8987609332610546,0.6507771292876527,-0.22696970204275174,0.11033616554088116,0.5393195358337629
-0.5698117811752077,-1.6598591211542815,-1.8205562306999787,-0.05530401010904685,-1.593260032744018
0.29944388225290197,0.4540296770668796,1.980325594998565,1.327071229162265,0.9735785465106154
-0.1039115457276431,1.3399024902260444,-0.37495008935175517,0.996858722935618,-0.5216968857034081
0.08570112678691393,-0.08890585636523457,-0.49596955003379495,0.24519585383751577,1.4222869706467163
0.27132720628082013,-0.7737569023270836,-2.664166442202105,1.4603960091665928,-0.10999773965586407
0.22096934609026422,0.4776194943114291,2.022619895403429,1.400473564697355,-1.3087496776173555
-0.3413424832266151,-0.2583455972617674,0.5468527094920107,-1.0250669956724776,1.0235308074142144
-1.7992823239709876,-0.368735248866309,-0.9071880718521672,-0.3123594376517788,0.4472540717035906
-0.7901773607078252,-2.6135208696118517,-0.12917643833950943,0.25625195381057764,-0.4618703833327207
-1.4621142399451976,-1.514630371786244,-0.8549012111653254,-0.9102624383905078,-0.11307256756126317
2.558753525581209,-0.20270393909734874,0.06663878719407315,2.8616179031735522,2.130599542237543
-0.3961272711981993,-0.6482803577368325,0.8748254285275266,-0.29127958546931393,-0.5915148736147715
0.6638157033928546,-0.194000111451814,1.3355157722266953,-1.1025563164084793,0.49310197981883863
-0.2832052638722404,-0.39961816139414336,-0.4430028723789837,0.5419626355388875,-1.0231730781024855
,-0.6797740141040313,-0.2717712192117028,-1.6907183110646056,-0.04346320898063981
0.5420978798203914,-1.0534349287442313,-1.4616112936176684,-0.202055213905335,2.296828906636295
0.5412863829440906,-0.465957283575177,-0.7918924304160988,0.5879096829998167,0.5261229680070508
-0.47617131727158984,0.24103845441801486,-0.5861957040400022,0.6093396596805165,
-0.5036048292570818,0.333459765837898,0.20657194485620353,-1.3450048514055684,0.564756226321822
-0.24784647314610755,0.005245172646791919,-0.4621658914350558,-1.4896056206980304,1.0612543359497155
-0.04478302573856115,0.9775931911700414,-0.8651805907894398,-0.19067706017514222,0.16869307860651342
-2.3281052065098127,-0.677772061972012,2.3977813520020907,-0.4699488200812015,1.2463894290297888
-0.11796686404953619,-0.19852377744975733,-0.5520019550212045,-0.7287619967966338,-0.4887438636107266
-1.2932290125218435,-0.08753660882192545,-0.31850350210974626,,-0.5879681539080241
-0.7912884040936585,0.9367678331409228,-1.0276683579380053,-1.0677189296203302,-1.3661869823332322
0.018677010476285484,0.06306953663281854,1.8276859419462221,-0.28438241022911775,0.220700070988477
,0.12793749133501206,0.3828705823933789,0.5830565509229833,-0.8757495604318426
0.02828217967872434,0.6393375993097585,-0.05712359677569757,-0.8014176771714102,-0.40599262754283766
-1.64305558756441,0.3169447168800038,0.07606780702621402,-0.038553808409718955,-0.7490472606493636
-0.04453036135858203,-0.10196308165247962,0.14448179961359595,0.7890622707258209,0.2759116185420857
1.014356384907587,-0.28615879288793233,1.1348441350510228,0.9424944700539923,0.08149142502211805
-0.0808699208497281,0.3772574607967742,0.4905630051959603,-1.1294062749063114,1.9016706013269924
,-1.9139293764780876,0.787439515361576,-0.6437889508171223,-0.4708343340140522
0.26144952244738945,0.19923922079125866,0.18702338826012982,-0.5498181350828144,-0.15912439705281922
0.25853515612779804,0.26110236583154395,-1.5422293068327804,0.3797120739591349,-0.8010656754684672
-0.7268280642674744,-0.5199745378351407,-0.8517564035982668,-1.3708003037199423,0.3545597714672169
-1.2876439855205495,-0.6162294117021236,1.4940864719164602,0.2692143868641955,0.6564846079429809
-0.8719518312673199,,0.8987095755356523,0.9196317236970143,0.4778975979087801
1.071062240977529,-1.2159535910425292,1.9293597131789113,0.4496963083405952,-0.48154607828742635
-0.37466042749212963,1.3226406848197072,0.6206680836805952,0.13111475051347313,0.9048681942001258
-0.7023301927047699,0.11469312951916932,-1.3549230634414933,-0.8987687339060417,
-0.9789140638912791,-0.7419854680206205,-0.4557221224086913,-1.5689935648003697,1.8112510195686211
0.8310213186345208,0.30942731498608905,0.32498260925680755,-1.0709499396924649,-0.3876429822568136
-1.8189888328805224,1.6865942345056952,0.8343945136261063,-0.8205847328415984,-0.09753488158648464
0.024237858747745256,0.6753065304570354,1.047992104081249,0.03013864479996618,1.198007054805813
-0.914414856640264,-0.2738313468851597,0.4806085284561423,-0.30424779949474284,0.8118089011535591
-0.3472608291901267,-0.5020920328045839,0.11513037310923772,-0.48770552621968916,0.09067636130574477
-0.4118462628759992,-0.2516043530868119,-1.1316908055006492,1.204635669827478,-0.35143809947860344
-1.5428060940862716,0.9011472855068359,-1.0104540647941151,1.2439837474663051,0.9399966751457622
1.6028360439756186,1.4196989352785432,,-1.587152702111956,0.9610455353438662
0.4668802131849168,-1.0859604068508273,-1.6045461298728363,0.32490018502326734,0.6694014462622712
2.1178245874308335,-0.31597297501903776,-1.1807087797414642,3.106529289903064,1.304217061546002
1.3492428960073346,-0.7567615518924139,-0.3930364135172022,-1.2766138513892304,0.499644226880723
-0.8258710438374722,0.47776353762183427,0.16941003284305425,-0.016143574907013535,1.0374501201409583
0.2744700502836182,-0.003045255801203609,-0.8181425071109958,-0.7020180744324128,-0.0018012638037731823
-2.6360867548911475,0.7841435809278373,0.5519829780785579,-0.5126818313014899,-0.8638266462555748
-1.158072615029628,-0.7224164189509344,-0.485357470544817,0.46029019150466394,-0.2522020468859731
-1.1116259345565243,-2.787838405530522,1.7778901900301192,-0.8222086999012688,1.0690085794213269
0.1824163894572573,0.5235692122106227,3.030907638675592,-2.1525355282551457,1.0398198281985669
0.22630520173725313,0.06423378206475307,0.3294160475231269,0.1947988454556943,-0.2077843752571866
0.6908369336973197,-0.5040796149392957,0.6952583549172389,0.5534080075855111,1.0196627489030785
-1.426044262283081,-0.23331070926472328,0.4612898889676106,-0.04995754608112355,0.46934009063653676
-0.7868929873801084,-1.3024582095234696,0.8748239288268775,0.054839166255897055,1.0617249079405282
-0.4903375024677408,-1.4304987500204556,-0.06190462091702331,-0.2781913260018567,-0.5958920798152942
0.8563366017708731,1.323477670316288,0.04109762269881759,-1.8972288960447066,1.5960000451017675
0.5116255410918813,0.643589420569931,-1.5060025339134464,1.4922178738767125,0.46279518166320643
2.0851257109144634,-0.660315948402014,0.45558210806446375,1.057915532062595,1.3311834222325936
-0.19675978636686423,0.8604521658290253,-1.5938652330664922,0.5423413977884212,-0.14989816173267168
0.6566070529841085,-1.5322699014782077,-0.3693216181232117,,-0.3209265759448676
-0.1643970027680693,0.1288628417296932,0.891204558029038,1.196179137184245,1.1482142556147885
-0.837706534880392,1.2515446208997847,0.4055755809573759,-0.6729000730789297,-0.09438345034614658
-1.2411997329364246,-0.43569310094958,-1.1801260759883991,0.22358839178271922,1.0060254101260555
0.6343014808889863,0.24669782040406305,0.5645214618108585,2.004295561411495,-1.1590293544461308
-0.49622784049165064,-0.6414027501160802,0.2718658920165932,-0.7365820953197755,-1.4234444351090254
-1.514051411503971,-0.37362828328685765,-2.1372084570061336,-1.1789264793364937,-1.2467964230856503
0.39407527189933045,-1.4209681808707395,-0.9500278911606311,2.031527781349424,0.48316823858112495
-0.8938269041510517,-0.26205376039463135,0.34841330703164664,-0.19654610062248498,-0.9459613036332436
-1.107583644811899,0.1719183591360139,-0.9526833043079591,-0.7820126979947492,-1.189400089341513
-0.18124399499209018,1.0796205580301195,0.26440802453543594,2.579085267964328,1.6725949535214981
0.5351836773007178,0.3939853259486618,0.5922437109752109,1.675360751088792,1.234630879048745
0.261317213263698,-1.0870339493765593,-0.06487574920101621,0.9258730319641869,-0.02543936216518917
-0.6850098878777517,,-0.6583168515839335,-0.12046429279404314,-1.9069999372573454
-0.45935200086505884,1.0314532556677398,-0.006986000514349848,-0.007092266074890313,-3.145887554032893
-0.9635239422792281,0.4419227053819299,-1.1835115450366733,-0.2890547160026189,-1.0905840439847432
-0.03842388786274621,1.5918998651313092,-1.2947243969599485,-1.1378977802555197,0.9568239562259568
0.23935972758884377,-0.8571858083243834,-0.1896323477124544,-0.4745220548892658,1.028306542003457
-0.2354255412096397,0.13042457724284212,0.6681495666096346,-0.35802034633999086,-0.08674321221106665
0.7641970183516708,-0.8212756665355747,-1.3313555308343177,0.015236555508768318,-0.6611756047424009
0.11893635366956418,-0.31518023022918723,-0.24563139273900983,-0.0010858374626201367,0.9160461018495586
0.4193839842477639,0.3285140369041829,1.7610009865355871,1.6220687540190972,0.48196532781014134
0.5602462846759032,-0.9090199218806598,-0.05504984870155243,-0.1218493323633377,0.9131435971809634
1.362815629229775,0.4374928733685255,-0.4748974723639515,0.6522278322216468,-2.180337510618699
0.2608136323171378,-0.07234032704242377,-0.19740922408780553,0.8849266750146726,0.7022053425982756
-0.6196853077103448,0.6135199550690611,-0.9549577999858083,1.5110329388642414,1.0134352302741165
1.8028244238956301,-0.21562297730990984,-0.5918784387000154,-0.6853091615177435,1.0841069447150296
0.7248389717540624,-1.0099404058969899,-1.123077740439787,-0.41521459900227936,-0.6068175876537241
-0.0068711832471751895,-0.3364246180636565,0.9309807671032854,-0.27349612905033044,0.6267186256960671
-0.9281602145853687,0.908381052044028,-1.9125557547854228,0.13003955950644178,0.2531663236484864
0.3614384727905247,-1.1988602410224807,-1.1621710939802914,-1.394758242486989,-1.1570130006114172
1.3843095253276199,1.6525774911811282,-0.8582892168965189,-0.24275067788803306,-0.5102179643863313
-0.7049016912734373,-1.5888785929656006,-1.0337755707929386,-0.30231664179890744,-0.7176302638281618
-2.0953454009490016,0.004373514964655696,-1.025380706512538,-0.2537637882424769,0.8210419536846091
,0.2624947982774522,0.9032628637178239,-1.3548355318569827,0.6572377908626724
-0.12361550949038896,0.4621099400396142,-0.5497231129237536,-0.3791465792251749,-0.14119564400428708
,0.6848368775581186,0.022665130767813273,1.4040160654127745,-0.6185888724947316
-0.5805885021459456,-0.36801951606245387,0.039962561081850104,-0.5174405543185873,0.4766835341128861
-0.4098826354039186,0.6649663815022643,-0.6280587687884834,-0.6243018041179097,-1.1974727145608404
-0.35532032859827534,0.2625839413556521,0.555256384049983,-0.4856788144780998,0.47429673301459413
0.6020431747391637,1.5781732296826005,0.6885334927183465,1.286850571579037,-0.09670983837159318
-1.4095505643195503,0.2703576782353238,-0.14071038441910758,0.007212917239394375,1.0408161691502105
1.2654431111732716,-0.24043087039148714,0.45258078189798573,0.49562804072494526,-0.26881440786788435
0.6566537284435829,0.8576873441500421,,2.125654797236611,-0.036948518104845306
1.6184568218645818,0.7090121664233596,1.0299286698767847,0.9035902292065657,1.402316046689952
0.3874594980767912,,0.00516191497262217,1.1787125735540014,-1.6137898079980086
-0.43932485071678373,1.0538301764156828,-1.2226347993608282,-0.9224184794723254,-0.08133565343272524
1.6256490603637856,-0.4981952877485848,-0.2791770049850423,0.5742853195362952,0.22825294072272515
1.1725090057642118,0.8947018019455463,1.5727714877082772,-0.6720107070592012,-1.3655996594367654
0.8208384204817538,1.6226996427441003,0.8928917499861958,-1.028062346739328,-0.8439986876848201
-0.09631682521565813,-0.36307438963618566,0.1571221532631053,0.17706465372238026,0.590709110930065
-0.3324482990690714,-0.25960433097151697,-1.865751228492686,0.992068848776674,-0.3099269012100102
0.9833951268186752,-1.4459396870423813,0.1522899362316212,0.5984497437603219,-1.0964955465233497
0.9105909791395813,-2.0451136804862307,0.5132190134900324,0.32853575122969525,-1.1365935998665713
0.2037364645566411,-0.1713028125313516,-1.5565889665172645,1.7589467155100575,0.6159847198921371
0.8723027489376344,0.5351191880813896,-1.9591344671582889,,1.487913039321174
-0.1442096718549465,-1.6687872212405077,0.1825387686128621,-1.4841923196728302,-2.373291364400288
0.17783007596892453,0.36907132485271554,1.1064331976353503,1.7285890268210806,0.25919993806568914
3.20306360552289,-1.3563250452479423,0.1902920745052825,2.8170728903657025,0.9688969481340448
0.30262500329332476,2.1649202919875443,1.0157970275357364,-0.4407531705321455,-0.011130440341532042
1.9331290004042572,-0.07771593465115963,0.37947325417909533,2.271475527610882,0.779259716457154
1.3021909738245419,0.492713896503725,-0.2109298966027743,-0.7991872108458025,0.7660510412153558
-0.27329250368773167,0.3722020237203266,2.4464886914586135,-0.9538136359946355,
0.1370276290457878,-0.7462437478506639,-0.9578234885167355,-0.9734890782686804,0.7889512933131705
0.6796328637655215,-1.3853980054848642,0.4188001002398971,0.923137903347846,0.9723630063759563
0.3928228945862248,-0.047446239726956795,1.5072597506391843,-0.0856932498849664,-2.6136999808111976
0.5165504996899706,-1.4806291906225901,0.8802877231669503,0.5278316474288393,0.25563386468813104
0.4202102388556953,0.2063658186663279,0.6519874717107416,-1.217972736715665,-0.9905241601172845
-0.18073915102516322,-0.16251963250937274,,1.457017763248326,0.8910936470725546
0.05516090323200082,0.7909992203266671,-1.436494588087812,-1.9009730928933415,0.3324392068763726
-1.1502222889592248,-0.6948408000304617,0.7355794915395844,1.7849472014864065,0.2632171350368862
0.22513059209077566,-1.3967408927601306,0.224308015254311,0.3712470826113263,-0.7560998843446713
-0.2365188646761975,0.3621208431128308,0.009235778554615262,-0.43974261483550686,-0.017311385141123285
0.3094460018154573,-0.38603904310193704,0.6366714104834567,1.3642185623837304,0.7657427554455141
-0.8989945632790226,0.5726698651838839,-2.271980835324542,0.9286813758455831,0.31970009079248374
-1.3097413647995695,-2.6373420758258446,-0.49863556726747077,0.434325039521002,-0.0662791930302279
1.3817094887805375,,-0.6045201393209153,0.856980295376447,-0.6436433941668778
0.005387108141202977,-2.2157752799389487,0.9390518503265483,-0.47836436716085434,-0.21254354516555626
0.8548684252795771,-0.05271415273541621,0.6677539826171314,-0.6656497253018132,-0.4231818334048487
-0.12576064773926204,-0.538986789329189,1.3096030334450937,-0.45497866333001347,1.2551936500096887
2.4196219465660103,-0.9576856793914881,-1.3746474083060238,0.39106406098546986,-1.394662912668121
-0.8137422398120385,0.046272461341344155,1.6459264624634793,0.8975555835860664,-0.767777116496272
0.7951667177616978,-0.725257387669175,0.05990295681214361,-0.6955956348693924,0.9101053310588606
-0.7320123309731361,2.4496389922082185,0.9866000010246729,-2.1487257979249055,-0.44389052403147955
1.0955236376793882,0.8060898556165541,0.2834269891574901,0.8952806462441124,0.24653976063088318
-0.18936027864839253,0.6848692515688368,-0.8302630923843007,-0.42127438765944375,0.6399680060376387
-0.6155120285472409,0.5282017921850843,-1.0466426918206144,-0.041532491740086976,-0.10113181854850846
-0.01907411689727611,0.32181815394760505,-0.57168956855245,1.5492681921088536,
-0.8721598532483117,-0.5328846586939995,-0.436003567595453,1.0482634001850766,0.7125626344949336
-1.0178347327551533,-0.3609746688224172,0.28200587973653385,-0.14874828211732646,0.5758233395094694
-0.9259914737850964,1.2441406174151963,0.4612060972358661,0.41836665051250965,0.6888555998134133
-0.44447101575841347,-0.3239992286725135,-2.134239322565406,0.5583636682492701,-1.6845828825924665
1.0047590169046567,-1.8794327772535575,0.6179114726814031,-0.6513131751135589,0.027265265977062806
0.3172795430766859,2.546969603774724,0.9085722909615145,-0.7142378861454646,-0.24575875052865892
-1.9642431293218638,-0.454751302983502,0.09700029037758909,-0.2799172644178606,-1.3742900856246258
0.2724295478931105,-1.1162514144828672,-1.5707860220780967,-1.65226425811206,-0.9076291980223709
-1.368349133363551,-2.054295968778243,0.6706246150129005,,1.0023187749722033
2.122718731645366,-0.08976430267159506,-2.810164607235354,1.6341984898286905,1.1891300163022795
0.3940250113391162,-0.5497242925804954,-0.6468925644252445,1.1781938370489953,-1.0965156559032723
-0.23012928515769035,-0.2782860416356276,-1.5573022424849092,0.6953371875600366,0.7246662627219403
-1.623306735301112,0.39281359318762193,-0.6751602178091427,-0.43795495843384763,1.3501333281148653
0.7252666495444534,-1.4637512786987938,0.4968830963344866,-0.733742632727014,-0.2844759552213649
-1.2938070225383729,1.7231700658440974,,0.5985012801882472,1.898566818535831
-1.6376245693039606,1.1742647851069246,-1.2868062535954814,-0.15713181463143489,0.21102733465001075
-1.2733534160114144,-0.4191185315496769,1.0392997233412378,-0.9894119335568623,0.5951670590945671
0.5836355039752432,-0.81151296452065,-0.5111845485711813,-0.602601894775754,-2.3076038031128037
-1.0001502376179698,0.2591712863602824,-1.3996797772413558,0.20188612841826178,
-0.7112537833159189,0.9947346929562325,0.6609492213380481,0.3416134799573524,-0.5010486676497343
0.520193613145837,0.7213904442130494,0.5706420239947833,0.40993119451578997,-0.9650078124242898
-1.5458613076775285,0.9427829631327684,0.37276949063467446,-0.9065788589468669,-1.498918877087499
2.1370853302418493,1.0465496599803816,1.5971817532350887,-0.1899055064934697,-1.292175148409525
-1.1606230022790582,2.0106780894279193,0.2045239547953808,0.2889137553575285,1.2537426697287135
-0.7765035831669658,-0.6757955797789175,-0.9770165203884403,-0.1956615475766588,-0.4843264608406047
1.0716370739039327,-0.005683275457150528,0.551143754285609,0.17285448176147902,0.2388535497027717
0.37071996945928515,-1.5780492467099256,1.4897421670391182,1.9497296769029135,1.5470378410907042
-0.24029791196762,-0.018989717758641503,1.4356718948313845,-1.0041965383812603,1.8232521138367017
1.3005435402646728,0.3047089678627053,-0.533661141347647,1.8542881249853547,0.231015197553847
0.9749466786788156,-0.5238734493594669,-0.325062409982489,-1.1649823624034763,-0.6089206658003598
-0.37619300494271424,0.4968656821375094,1.235439130462808,-0.8377616104127483,-0.6661335508441302
1.24510206471411,0.01994517887380016,-0.5071590801564488,2.002778237843202,3.161486957129208
-0.26581313325402445,1.1652869430485717,-0.08370346193132722,-0.4454334236088636,-1.157210075660017
-0.6140349157440919,0.3642781221001659,1.4038159784600432,-0.5266156231796147,1.567562175978911
1.6407609740308797,0.38812177426855266,0.7540082729659296,1.4542841806517464,1.7005725286657185
-0.5846805481447779,0.8279136438136454,0.2494571952512029,0.4196619026130881,0.19668399976874162
-0.4343762361374356,-0.26843937755144137,-1.9261930590211527,-1.507082921620505,0.8081049380413847
,-0.2741341513624378,1.465114053034353,-1.1277737499453164,0.6174517191466684
0.2117074152778216,-0.18505713360245174,-0.24597959801892916,0.2684652910254835,-0.4743216186010957
0.327466726977554,-0.019200402526055038,-0.2205002019639916,0.28521121390027643,-0.0045957688323118705
0.8416453163684303,-1.407763397448192,0.46015294304976484,1.1295045148770697,0.24031690772606815
1.5956790490943686,-0.5140215035066176,1.4191321717254852,1.096970585249247,-0.1371287231439328
0.33610517343022567,-0.6508546190312965,-0.1883998056374425,-0.48183155011643014,-0.5733130756425798
2.841908853906531,-0.5418221973377854,-0.259443350207388,2.2644006869266557,1.162575864178182
-0.806033131466569,-2.958210016982381,0.04522048015176519,-0.5253853484422253,0.7360158217464359
-0.5707776259387284,-0.370796402146981,-0.6396663691388712,-1.098671539899628,1.0926504893048226
-0.7480840289337246,1.0254721031139016,-0.8881078321385089,-1.0746707750390796,1.2244020169624086
-0.7855251563366262,1.236841342515952,0.49837410525481446,-0.40041213366523987,-1.5494957336728157
-1.054383350142999,1.5619269234767832,-1.162727405310617,-0.22008699562844383,-0.6757327060101117
-1.0102561702356534,-1.1183698862924232,-0.746124746189892,2.021651662637423,1.3719076120290532
-0.7651004803166637,-1.2685244457830809,0.6854875489951736,-0.7305742823860495,0.08638215942644596
1.0088071498189521,2.515356289844069,-0.7135102101032528,-0.5624190423339653,-0.9638151373414516
0.5714974687826478,-0.09664270436512887,2.2499478806278157,-1.0887270456572764,1.3124923296498308
-1.4419561623491006,-1.8166718708880942,-0.11592340302005587,0.2634799653841465,0.2945223775886629
